Consultas principales,Clics,Impresiones,CTR,Posición
swip,14,618,2.27%,3.42
puedo empeñar mi auto si aún lo estoy pagando,1,8,12.5%,10.88
mejor lugar para empeñar auto querétaro,0,71,0%,6.14
empeño de autos en queretaro,0,69,0%,18.78
empeño de autos queretaro,0,59,0%,20.25
¿qué son las garantías más comunes para autos de lujo?,0,36,0%,7.61
"¿dónde puedo encontrar información sobre financiamiento de autos de lujo en 
méxico?",0,21,0%,3.86
¿dónde puedo encontrar servicios financieros para autos de lujo en méxico?,0,16,0%,8.56
financiamiento de camioneta de lujo,0,16,0%,19.38
empeño de vehiculos en queretaro,0,11,0%,19.36
garantia vehicular,0,6,0%,7.5
porsche cayenne valor,0,6,0%,12.83
empeña tu auto sin dejarlo queretaro,0,6,0%,22.17
empeño carro,0,5,0%,56.4
cuanto vale una urus en mexico,0,4,0%,12
puedo empeñar mi auto si aun lo estoy pagando,0,4,0%,12.25
empeño de autos usados,0,4,0%,35.5
credito revolvente para empresas con garantia de autos,0,4,0%,37
que es swip,0,3,0%,5.67
empeño de auto sin dejarlo montos más altos méxico,0,3,0%,11.33
empeño de vehiculos,0,3,0%,36.33
que es un año orientativo,0,2,0%,1
año orientativo,0,2,0%,1.5
libro azul autos usados,0,2,0%,2
swip marca,0,2,0%,3.5
¿dónde puedo encontrar financiamiento accesible para autos de lujo?,0,2,0%,3.5
¿dónde puedo financiar un auto de lujo con confianza?,0,2,0%,7
préstamos con garantía vehicular sin custodia,0,2,0%,11
como saber en cuanto puedo vender mi carro,0,2,0%,11.5
cayenne costo,0,2,0%,12.5
porsche cayenne precio méxico,0,2,0%,12.5
"¿dónde puedo obtener la mejor valuación para un auto usado y cómo comparar 
tasaciones gratis vs pagadas?",0,2,0%,15.5
financiera prendario automotriz queretaro,0,2,0%,27.5
préstamo con garantía de auto sin dejarlo,0,2,0%,37.5
precio de lamborghini urus,0,2,0%,38
credito con garantia de autos,0,2,0%,48.5
año orientativo significado,0,1,0%,1
mejor lugar para empeñar autos,0,1,0%,1
prestamos con garantia,0,1,0%,1
que es,0,1,0%,1
que es año orientativo,0,1,0%,1
suburban blindada precio,0,1,0%,1
"¿dónde puedo encontrar financiamiento para autos premium de alto 
rendimiento?",0,1,0%,1
"¿qué alternativas a honda existen en el segmento premium con buenas 
garantías y cobertura en méxico?",0,1,0%,1
motorfi,0,1,0%,2
plan gps autos es confiable,0,1,0%,2
plan gps seminuevos,0,1,0%,2
presta prenda autos,0,1,0%,2
si,0,1,0%,2
swipa,0,1,0%,2
"¿dónde se pueden encontrar las mejores ofertas para financiar un auto de 
lujo?",0,1,0%,2
lamborghini urus 2019 precio,0,1,0%,3
precios de carros usados,0,1,0%,3
sw ip,0,1,0%,3
swsip,0,1,0%,3
libro azul 2026,0,1,0%,4
swip swip,0,1,0%,4
swip.one,0,1,0%,4
simulador cotizador de autos,0,1,0%,6
prestamos por tu auto,0,1,0%,7
préstamos por tu auto sin dejarlo,0,1,0%,7
¿qué facilidades ofrecen los concesionarios de autos de lujo?,0,1,0%,7
prestamos con garantia vehicular,0,1,0%,8
"¿dónde se pueden comprar vehículos de lujo con facilidades de 
financiamiento?",0,1,0%,8
cuanto cuesta una cayenne,0,1,0%,10
cuanto cuesta una urus en mexico,0,1,0%,10
puedo empeñar mi carro si aún lo estoy pagando,0,1,0%,10
cuantas lamborghini urus hay en mexico,0,1,0%,11
precio de la urus en mexico,0,1,0%,11
donde puedo empeñar mi carro,0,1,0%,12
empeño de auto en polanco,0,1,0%,12
porsche cayenne sport precio,0,1,0%,13
auto en garantía,0,1,0%,14
¿cuánto puede costar un porsche cayenne?,0,1,0%,15
"comparación entre seguros con deducible fijo vs porcentaje: ¿qué conviene 
según el valor del auto?",0,1,0%,17
cuanto cuesta un porsche cayenne,0,1,0%,17
porsche cayenne precio,0,1,0%,17
"¿qué alternativas son mejores para vender un carro con alto kilometraje y 
cuáles tienden a pagar más?",0,1,0%,17
prestamo garantia coche,0,1,0%,20
requisitos para un préstamo usando mi carro como aval.,0,1,0%,20
"¿qué préstamos garantizados por ahorro o vehículos ofrecen mejores 
condiciones y cuáles son riesgos?",0,1,0%,24
urus lamborghini precio méxico,0,1,0%,25
urus performante precio méxico,0,1,0%,25
cuanto vale una urus,0,1,0%,29
empeño de coches,0,1,0%,32
¿cuánto vale el coche lamborghini urus?,0,1,0%,32
precio urus,0,1,0%,34
urus lamborghini precio,0,1,0%,36
lamborghini urus precio,0,1,0%,38
svipe,0,1,0%,40
empeño de auto,0,1,0%,43
mswipw,0,1,0%,43
prestamo prendario queretaro,0,1,0%,44
financiamiento de vehículos para empresas,0,1,0%,61
arrendamiento de autos ejecutivos,0,1,0%,68